速限_平均值,速限_最大值,速限_最小值,轄區分局分布,行政區分布,拍攝行向分布,Gemini建議
52.9,70,50,"{""第五分局"": 18, ""永康分局"": 13, ""第一分局"": 9, ""第二分局"": 6, ""歸仁分局"": 4, ""第六分局"": 4, ""善化分局"": 4, ""第三分局"": 3, ""第二分局\r\n第六分局"": 2, ""第四分局"": 2, ""第一分局\r\n第二分局"": 1, ""新化分局"": 1, ""新營分局"": 1}","{""北區"": 18, ""永康區"": 13, ""東區"": 9, ""中西區"": 6, ""南區"": 4, ""新市區"": 3, ""安南區"": 3, ""仁德區"": 2, ""中西區\r\n南區"": 2, ""安平區"": 2, ""龍崎區"": 1, ""東區\r\n中西區"": 1, ""新化區"": 1, ""新營區"": 1, ""歸仁區"": 1, ""善化區"": 1}","{""多向"": 59, ""雙向"": 7, ""北向"": 2}","數據顯示，科技執法設備主要集中在北區(18)和永康區(13)，第五分局和永康分局部署最多。平均速限52.9 km/h，最高70 km/h，最低50 km/h，顯示多數路段速限不高。拍攝方向以多向(59)為主。數據清理問題導致部分分局和行政區重複計數（例如：""第二分局\r\n第六分局""）。建議優先清理數據，並針對北區、永康區等高部署區域，深入分析超速違規數據，研判是否需調整速限或加強宣導，以提升執法成效並改善交通安全。另可考慮在事故高風險路段增設科技執法設備，而非僅集中特定區域。"
,,,,,,
,,,,,,
,,,,,,
,,,,,,
,,,,,,
,,,,,,
,,,,,,
,,,,,,
,,,,,,
